acc,auc,dataset,fold,framework,id,info,logloss,metric_error,metric_score,mode,models,models_ensemble,params,problem_type,seed,tag,time_infer_s,time_train_s,utc,version
0.876561,0.932329,adult,0,autogluon_nobag_1h,openml.org/t/7592,,,0.06767100000000004,0.932329,local,11.0,11.0,,binary,561249353,stable,0.116623,554.5,2020-02-03T08:40:02,0.0.5
0.673335,0.728916,Airlines,0,autogluon_nobag_1h,openml.org/t/189354,,,0.271084,0.728916,local,9.0,9.0,,binary,987063140,stable,9.0955,3758.0,2020-02-03T09:37:23,0.0.5
0.6926680000000001,0.764411,Albert,0,autogluon_nobag_1h,openml.org/t/189356,,,0.23558900000000005,0.764411,local,11.0,11.0,,binary,4258478697,stable,46.4797,1698.7,2020-02-03T09:10:04,0.0.5
0.947513,0.874178,Amazon_employee_access,0,autogluon_nobag_1h,openml.org/t/34539,,,0.125822,0.874178,local,11.0,11.0,,binary,1454624937,stable,0.248553,180.4,2020-02-03T08:33:47,0.0.5
0.995,0.994753,APSFailure,0,autogluon_nobag_1h,openml.org/t/168868,,,0.005247000000000002,0.994753,local,11.0,11.0,,binary,3308990876,stable,0.861034,267.2,2020-02-03T08:35:56,0.0.5
0.8695649999999999,0.93039,Australian,0,autogluon_nobag_1h,openml.org/t/146818,,,0.06960999999999995,0.93039,local,11.0,11.0,,binary,1881766195,stable,0.13885,11.0,2020-02-03T08:29:48,0.0.5
0.909774,0.939252,bank-marketing,0,autogluon_nobag_1h,openml.org/t/14965,,,0.060748000000000024,0.939252,local,11.0,11.0,,binary,1214980401,stable,2.30873,425.3,2020-02-03T08:38:05,0.0.5
0.773333,0.7792399999999999,blood-transfusion,0,autogluon_nobag_1h,openml.org/t/10101,,,0.22076000000000007,0.7792399999999999,local,11.0,11.0,,binary,4214708947,stable,0.13158499999999998,12.2,2020-02-03T08:29:55,0.0.5
1.0,,car,0,autogluon_nobag_1h,openml.org/t/146821,,0.0012724,0.0012724,0.0012724,local,9.0,9.0,,multiclass,2017413427,stable,0.059551,84.4,2020-02-03T08:31:13,0.0.5
0.745387,0.8344659999999999,christine,0,autogluon_nobag_1h,openml.org/t/168908,,,0.16553400000000007,0.8344659999999999,local,11.0,11.0,,binary,4255173854,stable,2.28938,188.7,2020-02-03T08:34:03,0.0.5
0.953704,,cnae-9,0,autogluon_nobag_1h,openml.org/t/9981,,0.191053,0.191053,0.191053,local,11.0,11.0,,multiclass,1681072517,stable,1.9887,64.2,2020-02-03T08:31:07,0.0.5
0.867525,,connect-4,0,autogluon_nobag_1h,openml.org/t/146195,,0.344527,0.344527,0.344527,local,11.0,11.0,,multiclass,2661813217,stable,2.4773,642.1,2020-02-03T08:42:02,0.0.5
0.97198,,Covertype,0,autogluon_nobag_1h,openml.org/t/7593,,0.071849,0.071849,0.071849,local,8.0,8.0,,multiclass,64139047,stable,8.68542,3631.9,2020-02-03T09:35:37,0.0.5
0.76,0.832381,credit-g,0,autogluon_nobag_1h,openml.org/t/31,,,0.16761899999999996,0.832381,local,11.0,11.0,,binary,3343116633,stable,0.478428,18.2,2020-02-03T08:30:17,0.0.5
0.987,,dilbert,0,autogluon_nobag_1h,openml.org/t/168909,,0.0554656,0.0554656,0.0554656,local,10.0,10.0,,multiclass,3795991790,stable,0.986197,3620.5,2020-02-03T09:32:58,0.0.5
0.920926,,Dionis,0,autogluon_nobag_1h,openml.org/t/189355,,0.321728,0.321728,0.321728,local,6.0,6.0,,multiclass,1025808079,stable,5.395969999999998,3665.6,2020-02-03T09:45:14,0.0.5
0.73665,,fabert,0,autogluon_nobag_1h,openml.org/t/168910,,0.7152069999999999,0.7152069999999999,0.7152069999999999,local,11.0,11.0,,multiclass,1098614122,stable,1.01667,391.0,2020-02-03T08:37:13,0.0.5
0.909857,,Fashion-MNIST,0,autogluon_nobag_1h,openml.org/t/146825,,0.247918,0.247918,0.247918,local,11.0,11.0,,multiclass,1817173814,stable,111.243,3687.3,2020-02-03T09:42:36,0.0.5
0.847,0.914368,guiellermo,0,autogluon_nobag_1h,openml.org/t/168337,,,0.08563200000000004,0.914368,local,11.0,11.0,,binary,2918471917,stable,4.31883,1262.3,2020-02-03T09:09:33,0.0.5
0.398773,,Helena,0,autogluon_nobag_1h,openml.org/t/168329,,2.47025,2.47025,2.47025,local,7.0,7.0,,multiclass,3030806122,stable,10.0835,1113.3,2020-02-03T08:50:39,0.0.5
0.7362569999999999,0.817109,higgs,0,autogluon_nobag_1h,openml.org/t/146606,,,0.18289100000000003,0.817109,local,11.0,11.0,,binary,1610120391,stable,29.1879,366.8,2020-02-03T08:39:18,0.0.5
0.724504,,Jannis,0,autogluon_nobag_1h,openml.org/t/168330,,0.671402,0.671402,0.671402,local,11.0,11.0,,multiclass,899802838,stable,1.1308,423.9,2020-02-03T08:39:02,0.0.5
0.809365,0.872483,jasmine,0,autogluon_nobag_1h,openml.org/t/168911,,,0.127517,0.872483,local,11.0,11.0,,binary,1904948570,stable,0.6690619999999999,20.5,2020-02-03T08:30:38,0.0.5
0.966979,,jungle_chess_2pcs_raw_endgame_complete,0,autogluon_nobag_1h,openml.org/t/167119,,0.0630449,0.0630449,0.0630449,local,11.0,11.0,,multiclass,1821011626,stable,0.22061,1478.8,2020-02-03T08:55:58,0.0.5
0.8862559999999999,0.848202,kc1,0,autogluon_nobag_1h,openml.org/t/3917,,,0.151798,0.848202,local,11.0,11.0,,binary,97406702,stable,0.403156,14.3,2020-02-03T08:30:29,0.0.5
0.9822,0.842369,KDDCup09_appetency,0,autogluon_nobag_1h,openml.org/t/3945,,,0.15763099999999997,0.842369,local,11.0,11.0,,binary,2062685772,stable,9.84502,1383.1,2020-02-03T08:55:21,0.0.5
0.99375,0.999922,kr-vs-kp,0,autogluon_nobag_1h,openml.org/t/3,,,7.80000000000225e-05,0.999922,local,9.0,9.0,,binary,633338760,stable,0.109799,30.7,2020-02-03T08:30:47,0.0.5
0.97,,mfeat-factors,0,autogluon_nobag_1h,openml.org/t/12,,0.0853715,0.0853715,0.0853715,local,11.0,11.0,,multiclass,3833145292,stable,0.43292,257.4,2020-02-03T08:34:40,0.0.5
0.946875,0.986143,MiniBooNE,0,autogluon_nobag_1h,openml.org/t/168335,,,0.013857000000000008,0.986143,local,11.0,11.0,,binary,923933799,stable,3.60628,538.7,2020-02-03T08:41:02,0.0.5
0.97418,0.995902,nomao,0,autogluon_nobag_1h,openml.org/t/9977,,,0.004098000000000046,0.995902,local,11.0,11.0,,binary,3070707787,stable,2.63242,117.1,2020-02-03T08:33:49,0.0.5
0.5167149999999999,0.521303,numerai28.6,0,autogluon_nobag_1h,openml.org/t/167120,,,0.47869700000000004,0.521303,local,11.0,11.0,,binary,940116387,stable,11.0541,308.2,2020-02-03T08:37:43,0.0.5
0.909427,0.970463,phoneme,0,autogluon_nobag_1h,openml.org/t/9952,,,0.029537000000000035,0.970463,local,11.0,11.0,,binary,1237738354,stable,0.466722,41.5,2020-02-03T08:31:04,0.0.5
0.996,0.999684,riccardo,0,autogluon_nobag_1h,openml.org/t/168338,,,0.00031599999999998296,0.999684,local,11.0,11.0,,binary,1787036538,stable,6.47213,1656.9,2020-02-03T09:18:48,0.0.5
0.527,,Robert,0,autogluon_nobag_1h,openml.org/t/168332,,1.32138,1.32138,1.32138,local,10.0,10.0,,multiclass,2244058436,stable,31.9689,3663.8,2020-02-03T09:52:23,0.0.5
0.991342,,segment,0,autogluon_nobag_1h,openml.org/t/146822,,0.06870520000000001,0.06870520000000001,0.06870520000000001,local,11.0,11.0,,multiclass,3490754112,stable,0.379497,37.4,2020-02-03T08:31:05,0.0.5
0.999655,,Shuttle,0,autogluon_nobag_1h,openml.org/t/146212,,0.000982111,0.000982111,0.000982111,local,11.0,11.0,,multiclass,2315007141,stable,0.0290103,310.5,2020-02-03T08:36:55,0.0.5
0.935673,0.983645,sylvine,0,autogluon_nobag_1h,openml.org/t/168912,,,0.01635500000000001,0.983645,local,11.0,11.0,,binary,4124635786,stable,0.547665,25.3,2020-02-03T08:30:53,0.0.5
0.847059,,vehicle,0,autogluon_nobag_1h,openml.org/t/53,,0.402735,0.402735,0.402735,local,11.0,11.0,,multiclass,1287681058,stable,0.191538,17.6,2020-02-03T08:30:52,0.0.5
0.716515,,Volkert,0,autogluon_nobag_1h,openml.org/t/168331,,0.787483,0.787483,0.787483,local,11.0,11.0,,multiclass,4046790906,stable,6.12147,900.5,2020-02-03T08:47:38,0.0.5
0.876561,0.932329,adult,0,autogluon_noknn_1h,openml.org/t/7592,,,0.06767100000000004,0.932329,local,9.0,9.0,,binary,590154108,stable,0.13031900000000002,661.0,2020-02-03T08:50:46,0.0.5
0.67187,0.72631,Airlines,0,autogluon_noknn_1h,openml.org/t/189354,,,0.27369,0.72631,local,8.0,8.0,,binary,2147373655,stable,14.0692,3811.5,2020-02-03T09:47:36,0.0.5
0.691821,0.76399,Albert,0,autogluon_noknn_1h,openml.org/t/189356,,,0.23601000000000005,0.76399,local,9.0,9.0,,binary,3934918860,stable,0.60961,1563.0,2020-02-03T09:14:31,0.0.5
0.947818,0.873052,Amazon_employee_access,0,autogluon_noknn_1h,openml.org/t/34539,,,0.12694799999999995,0.873052,local,9.0,9.0,,binary,3914696084,stable,0.250367,212.6,2020-02-03T08:43:20,0.0.5
0.995,0.994625,APSFailure,0,autogluon_noknn_1h,openml.org/t/168868,,,0.005375000000000019,0.994625,local,9.0,9.0,,binary,1008495412,stable,0.8593540000000001,250.7,2020-02-03T08:44:27,0.0.5
0.8695649999999999,0.936333,Australian,0,autogluon_noknn_1h,openml.org/t/146818,,,0.06366700000000003,0.936333,local,9.0,9.0,,binary,2127538343,stable,0.0221117,10.2,2020-02-03T08:38:45,0.0.5
0.910438,0.939393,bank-marketing,0,autogluon_noknn_1h,openml.org/t/14965,,,0.060606999999999966,0.939393,local,9.0,9.0,,binary,3204549899,stable,0.743634,414.4,2020-02-03T08:46:49,0.0.5
0.746667,0.7792399999999999,blood-transfusion,0,autogluon_noknn_1h,openml.org/t/10101,,,0.22076000000000007,0.7792399999999999,local,9.0,9.0,,binary,2692178068,stable,0.127555,11.8,2020-02-03T08:38:50,0.0.5
1.0,,car,0,autogluon_noknn_1h,openml.org/t/146821,,0.0012724,0.0012724,0.0012724,local,9.0,9.0,,multiclass,3141301874,stable,0.0530331,77.8,2020-02-03T08:40:02,0.0.5
0.7398520000000001,0.834575,christine,0,autogluon_noknn_1h,openml.org/t/168908,,,0.16542500000000004,0.834575,local,9.0,9.0,,binary,1581244690,stable,1.96313,176.9,2020-02-03T08:42:42,0.0.5
0.944444,,cnae-9,0,autogluon_noknn_1h,openml.org/t/9981,,0.192996,0.192996,0.192996,local,9.0,9.0,,multiclass,1068572666,stable,2.01985,58.5,2020-02-03T08:39:58,0.0.5
0.867081,,connect-4,0,autogluon_noknn_1h,openml.org/t/146195,,0.344518,0.344518,0.344518,local,9.0,9.0,,multiclass,298669168,stable,2.5714,640.0,2020-02-03T08:50:53,0.0.5
0.949365,,Covertype,0,autogluon_noknn_1h,openml.org/t/7593,,0.133177,0.133177,0.133177,local,6.0,6.0,,multiclass,974819408,stable,10.4402,3635.0,2020-02-03T09:44:31,0.0.5
0.79,0.822381,credit-g,0,autogluon_noknn_1h,openml.org/t/31,,,0.17761899999999997,0.822381,local,9.0,9.0,,binary,4010085375,stable,0.568233,17.4,2020-02-03T08:39:13,0.0.5
0.987,,dilbert,0,autogluon_noknn_1h,openml.org/t/168909,,0.0554656,0.0554656,0.0554656,local,8.0,8.0,,multiclass,404210653,stable,0.981189,3608.8,2020-02-03T09:41:26,0.0.5
0.917081,,Dionis,0,autogluon_noknn_1h,openml.org/t/189355,,0.336247,0.336247,0.336247,local,4.0,4.0,,multiclass,953161407,stable,5.28626,3632.3,2020-02-03T09:50:15,0.0.5
0.735437,,fabert,0,autogluon_noknn_1h,openml.org/t/168910,,0.717101,0.717101,0.717101,local,9.0,9.0,,multiclass,888142142,stable,1.02064,386.1,2020-02-03T08:46:04,0.0.5
0.910429,,Fashion-MNIST,0,autogluon_noknn_1h,openml.org/t/146825,,0.247463,0.247463,0.247463,local,9.0,9.0,,multiclass,750389679,stable,3.1649,3612.2,2020-02-03T09:43:23,0.0.5
0.846,0.914454,guiellermo,0,autogluon_noknn_1h,openml.org/t/168337,,,0.08554600000000001,0.914454,local,9.0,9.0,,binary,2095918596,stable,4.35049,1238.0,2020-02-03T09:18:12,0.0.5
0.402301,,Helena,0,autogluon_noknn_1h,openml.org/t/168329,,2.47111,2.47111,2.47111,local,5.0,5.0,,multiclass,823980733,stable,10.0691,1107.7,2020-02-03T08:59:24,0.0.5
0.738603,0.816071,higgs,0,autogluon_noknn_1h,openml.org/t/146606,,,0.183929,0.816071,local,9.0,9.0,,binary,1786092961,stable,1.6893599999999998,337.6,2020-02-03T08:45:59,0.0.5
0.721877,,Jannis,0,autogluon_noknn_1h,openml.org/t/168330,,0.674921,0.674921,0.674921,local,9.0,9.0,,multiclass,2759693440,stable,1.06662,399.3,2020-02-03T08:47:27,0.0.5
0.819398,0.870425,jasmine,0,autogluon_noknn_1h,openml.org/t/168911,,,0.129575,0.870425,local,9.0,9.0,,binary,2210991265,stable,0.661269,22.1,2020-02-03T08:39:39,0.0.5
0.962963,,jungle_chess_2pcs_raw_endgame_complete,0,autogluon_noknn_1h,openml.org/t/167119,,0.0709173,0.0709173,0.0709173,local,9.0,9.0,,multiclass,1657726866,stable,0.221909,1251.6,2020-02-03T09:01:10,0.0.5
0.881517,0.843139,kc1,0,autogluon_noknn_1h,openml.org/t/3917,,,0.15686100000000003,0.843139,local,9.0,9.0,,binary,4067363964,stable,0.407292,14.9,2020-02-03T08:39:29,0.0.5
0.9822,0.8393700000000001,KDDCup09_appetency,0,autogluon_noknn_1h,openml.org/t/3945,,,0.16062999999999994,0.8393700000000001,local,9.0,9.0,,binary,2881898702,stable,10.214,1385.8,2020-02-03T09:04:18,0.0.5
0.99375,0.999922,kr-vs-kp,0,autogluon_noknn_1h,openml.org/t/3,,,7.80000000000225e-05,0.999922,local,9.0,9.0,,binary,2951582175,stable,0.109295,36.2,2020-02-03T08:39:50,0.0.5
0.97,,mfeat-factors,0,autogluon_noknn_1h,openml.org/t/12,,0.0835921,0.0835921,0.0835921,local,9.0,9.0,,multiclass,2504410689,stable,0.433358,257.0,2020-02-03T08:43:32,0.0.5
0.947413,0.986765,MiniBooNE,0,autogluon_noknn_1h,openml.org/t/168335,,,0.013234999999999997,0.986765,local,9.0,9.0,,binary,2012873269,stable,2.62878,556.3,2020-02-03T08:50:04,0.0.5
0.975051,0.996024,nomao,0,autogluon_noknn_1h,openml.org/t/9977,,,0.0039759999999999796,0.996024,local,9.0,9.0,,binary,2825652321,stable,0.732926,106.1,2020-02-03T08:42:25,0.0.5
0.522633,0.5258229999999999,numerai28.6,0,autogluon_noknn_1h,openml.org/t/167120,,,0.47417700000000007,0.5258229999999999,local,9.0,9.0,,binary,603070006,stable,2.65127,295.4,2020-02-03T08:45:51,0.0.5
0.907579,0.969706,phoneme,0,autogluon_noknn_1h,openml.org/t/9952,,,0.030294000000000043,0.969706,local,9.0,9.0,,binary,1043609771,stable,0.594533,41.7,2020-02-03T08:40:03,0.0.5
0.997,0.999735,riccardo,0,autogluon_noknn_1h,openml.org/t/168338,,,0.0002649999999999597,0.999735,local,9.0,9.0,,binary,1007786610,stable,5.14445,1516.8,2020-02-03T09:23:20,0.0.5
0.522,,Robert,0,autogluon_noknn_1h,openml.org/t/168332,,1.32268,1.32268,1.32268,local,8.0,8.0,,multiclass,1795140101,stable,7.492889999999999,3619.1,2020-02-03T09:59:50,0.0.5
0.991342,,segment,0,autogluon_noknn_1h,openml.org/t/146822,,0.0593431,0.0593431,0.0593431,local,9.0,9.0,,multiclass,4192907888,stable,0.16924,40.3,2020-02-03T08:40:03,0.0.5
0.999655,,Shuttle,0,autogluon_noknn_1h,openml.org/t/146212,,0.000982111,0.000982111,0.000982111,local,9.0,9.0,,multiclass,367774119,stable,0.028877,341.5,2020-02-03T08:46:22,0.0.5
0.935673,0.983934,sylvine,0,autogluon_noknn_1h,openml.org/t/168912,,,0.016066000000000025,0.983934,local,9.0,9.0,,binary,1876042348,stable,0.318902,24.0,2020-02-03T08:39:48,0.0.5
0.811765,,vehicle,0,autogluon_noknn_1h,openml.org/t/53,,0.411528,0.411528,0.411528,local,9.0,9.0,,multiclass,1309261820,stable,0.192491,16.0,2020-02-03T08:39:49,0.0.5
0.7132569999999999,,Volkert,0,autogluon_noknn_1h,openml.org/t/168331,,0.7975140000000001,0.7975140000000001,0.7975140000000001,local,9.0,9.0,,multiclass,2946173328,stable,3.15404,884.1,2020-02-03T08:56:07,0.0.5
0.876561,0.932329,adult,0,autogluon_nonn_1h,openml.org/t/7592,,,0.06767100000000004,0.932329,local,10.0,10.0,,binary,1539072796,stable,0.121497,35.6,2020-02-03T08:35:50,0.0.5
0.673743,0.728785,Airlines,0,autogluon_nonn_1h,openml.org/t/189354,,,0.271215,0.728785,local,10.0,10.0,,binary,2843475299,stable,1.2332299999999998,577.7,2020-02-03T08:49:06,0.0.5
0.69255,0.764506,Albert,0,autogluon_nonn_1h,openml.org/t/189356,,,0.23549399999999998,0.764506,local,10.0,10.0,,binary,449688453,stable,16.6357,839.9,2020-02-03T08:59:38,0.0.5
0.947208,0.87611,Amazon_employee_access,0,autogluon_nonn_1h,openml.org/t/34539,,,0.12388999999999994,0.87611,local,10.0,10.0,,binary,3620261518,stable,0.402361,29.2,2020-02-03T08:35:44,0.0.5
0.994868,0.994847,APSFailure,0,autogluon_nonn_1h,openml.org/t/168868,,,0.005152999999999963,0.994847,local,10.0,10.0,,binary,1507249033,stable,0.142555,121.4,2020-02-03T08:38:03,0.0.5
0.8695649999999999,0.93039,Australian,0,autogluon_nonn_1h,openml.org/t/146818,,,0.06960999999999995,0.93039,local,10.0,10.0,,binary,468463036,stable,0.13929,8.2,2020-02-03T08:34:17,0.0.5
0.909774,0.93919,bank-marketing,0,autogluon_nonn_1h,openml.org/t/14965,,,0.06081000000000003,0.93919,local,10.0,10.0,,binary,1758039647,stable,1.40966,32.7,2020-02-03T08:35:59,0.0.5
0.76,0.758772,blood-transfusion,0,autogluon_nonn_1h,openml.org/t/10101,,,0.241228,0.758772,local,10.0,10.0,,binary,523430959,stable,0.0134907,7.9,2020-02-03T08:34:20,0.0.5
1.0,,car,0,autogluon_nonn_1h,openml.org/t/146821,,0.0012724,0.0012724,0.0012724,local,8.0,8.0,,multiclass,1020163513,stable,0.0520072,37.5,2020-02-03T08:34:55,0.0.5
0.741697,0.8324229999999999,christine,0,autogluon_nonn_1h,openml.org/t/168908,,,0.1675770000000001,0.8324229999999999,local,10.0,10.0,,binary,931768908,stable,1.59721,165.4,2020-02-03T08:38:04,0.0.5
0.962963,,cnae-9,0,autogluon_nonn_1h,openml.org/t/9981,,0.188445,0.188445,0.188445,local,10.0,10.0,,multiclass,724939404,stable,0.822801,35.5,2020-02-03T08:35:05,0.0.5
0.8684129999999999,,connect-4,0,autogluon_nonn_1h,openml.org/t/146195,,0.344431,0.344431,0.344431,local,10.0,10.0,,multiclass,842856915,stable,2.22003,252.6,2020-02-03T08:40:03,0.0.5
0.975319,,Covertype,0,autogluon_nonn_1h,openml.org/t/7593,,0.06910089999999999,0.06910089999999999,0.06910089999999999,local,8.0,8.0,,multiclass,3697410719,stable,118.01,3444.3,2020-02-03T09:42:30,0.0.5
0.78,0.829048,credit-g,0,autogluon_nonn_1h,openml.org/t/31,,,0.170952,0.829048,local,10.0,10.0,,binary,4093999287,stable,0.330052,9.1,2020-02-03T08:34:38,0.0.5
0.987,,dilbert,0,autogluon_nonn_1h,openml.org/t/168909,,0.0554656,0.0554656,0.0554656,local,10.0,10.0,,multiclass,4156743204,stable,0.960475,3619.8,2020-02-03T09:37:21,0.0.5
0.871453,,Dionis,0,autogluon_nonn_1h,openml.org/t/189355,,0.646748,0.646748,0.646748,local,6.0,6.0,,multiclass,3240364351,stable,38.2698,3652.8,2020-02-03T09:51:45,0.0.5
0.735437,,fabert,0,autogluon_nonn_1h,openml.org/t/168910,,0.715544,0.715544,0.715544,local,10.0,10.0,,multiclass,3720807265,stable,0.973621,344.2,2020-02-03T08:40:54,0.0.5
0.909714,,Fashion-MNIST,0,autogluon_nonn_1h,openml.org/t/146825,,0.248471,0.248471,0.248471,local,10.0,10.0,,multiclass,1646059256,stable,102.745,3678.8,2020-02-03T09:46:52,0.0.5
0.848,0.914426,guiellermo,0,autogluon_nonn_1h,openml.org/t/168337,,,0.08557400000000004,0.914426,local,10.0,10.0,,binary,553094872,stable,4.33745,1128.7,2020-02-03T09:12:42,0.0.5
0.391718,,Helena,0,autogluon_nonn_1h,openml.org/t/168329,,2.54082,2.54082,2.54082,local,6.0,6.0,,multiclass,2370159796,stable,9.86605,919.7,2020-02-03T08:51:53,0.0.5
0.733809,0.81517,higgs,0,autogluon_nonn_1h,openml.org/t/146606,,,0.18483000000000005,0.81517,local,10.0,10.0,,binary,3126261476,stable,28.4676,151.2,2020-02-03T08:39:54,0.0.5
0.722116,,Jannis,0,autogluon_nonn_1h,openml.org/t/168330,,0.675942,0.675942,0.675942,local,10.0,10.0,,multiclass,292708819,stable,0.624228,240.3,2020-02-03T08:40:27,0.0.5
0.809365,0.865503,jasmine,0,autogluon_nonn_1h,openml.org/t/168911,,,0.13449699999999998,0.865503,local,10.0,10.0,,binary,2384896075,stable,0.647397,11.2,2020-02-03T08:34:55,0.0.5
0.863454,,jungle_chess_2pcs_raw_endgame_complete,0,autogluon_nonn_1h,openml.org/t/167119,,0.220885,0.220885,0.220885,local,10.0,10.0,,multiclass,3797085182,stable,0.753326,87.3,2020-02-03T08:37:16,0.0.5
0.876777,0.842615,kc1,0,autogluon_nonn_1h,openml.org/t/3917,,,0.157385,0.842615,local,10.0,10.0,,binary,771221765,stable,0.147325,8.9,2020-02-03T08:34:50,0.0.5
0.9822,0.8549370000000001,KDDCup09_appetency,0,autogluon_nonn_1h,openml.org/t/3945,,,0.14506299999999994,0.8549370000000001,local,10.0,10.0,,binary,2925484340,stable,1.10218,63.7,2020-02-03T08:37:26,0.0.5
0.99375,0.999922,kr-vs-kp,0,autogluon_nonn_1h,openml.org/t/3,,,7.80000000000225e-05,0.999922,local,8.0,8.0,,binary,3922638209,stable,0.123777,15.0,2020-02-03T08:35:01,0.0.5
0.975,,mfeat-factors,0,autogluon_nonn_1h,openml.org/t/12,,0.106633,0.106633,0.106633,local,10.0,10.0,,multiclass,3152557828,stable,0.546666,232.3,2020-02-03T08:38:41,0.0.5
0.942723,0.984597,MiniBooNE,0,autogluon_nonn_1h,openml.org/t/168335,,,0.015402999999999945,0.984597,local,10.0,10.0,,binary,2365921605,stable,1.17275,239.8,2020-02-03T08:40:29,0.0.5
0.97418,0.995934,nomao,0,autogluon_nonn_1h,openml.org/t/9977,,,0.004066000000000014,0.995934,local,10.0,10.0,,binary,880677515,stable,2.7526200000000003,46.4,2020-02-03T08:37:03,0.0.5
0.512458,0.517342,numerai28.6,0,autogluon_nonn_1h,openml.org/t/167120,,,0.48265800000000003,0.517342,local,10.0,10.0,,binary,111243248,stable,10.9117,107.8,2020-02-03T08:38:49,0.0.5
0.903882,0.970381,phoneme,0,autogluon_nonn_1h,openml.org/t/9952,,,0.02961899999999995,0.970381,local,10.0,10.0,,binary,3658852739,stable,0.570417,12.7,2020-02-03T08:35:06,0.0.5
0.9975,0.999732,riccardo,0,autogluon_nonn_1h,openml.org/t/168338,,,0.000268000000000046,0.999732,local,10.0,10.0,,binary,2722337839,stable,4.32598,1531.4,2020-02-03T09:20:35,0.0.5
0.527,,Robert,0,autogluon_nonn_1h,openml.org/t/168332,,1.32751,1.32751,1.32751,local,10.0,10.0,,multiclass,603259954,stable,30.4556,3671.3,2020-02-03T09:57:10,0.0.5
0.991342,,segment,0,autogluon_nonn_1h,openml.org/t/146822,,0.06503300000000001,0.06503300000000001,0.06503300000000001,local,10.0,10.0,,multiclass,4046830600,stable,0.391067,23.0,2020-02-03T08:35:19,0.0.5
0.999655,,Shuttle,0,autogluon_nonn_1h,openml.org/t/146212,,0.000982111,0.000982111,0.000982111,local,10.0,10.0,,multiclass,52361443,stable,0.0314143,53.0,2020-02-03T08:37:07,0.0.5
0.935673,0.982657,sylvine,0,autogluon_nonn_1h,openml.org/t/168912,,,0.017342999999999997,0.982657,local,10.0,10.0,,binary,3323143546,stable,0.562705,12.5,2020-02-03T08:35:10,0.0.5
0.764706,,vehicle,0,autogluon_nonn_1h,openml.org/t/53,,0.477652,0.477652,0.477652,local,10.0,10.0,,multiclass,4253087614,stable,0.0740545,12.7,2020-02-03T08:35:16,0.0.5
0.716172,,Volkert,0,autogluon_nonn_1h,openml.org/t/168331,,0.794822,0.794822,0.794822,local,10.0,10.0,,multiclass,4253472342,stable,5.453869999999998,723.1,2020-02-03T08:49:06,0.0.5
0.876561,0.931917,adult,0,autogluon_norepeatbag_1h,openml.org/t/7592,,,0.068083,0.931917,local,22.0,22.0,,binary,1267275996,stable,73.5305,3612.2,2020-02-03T09:30:18,0.0.5
0.655166,0.7078479999999999,Airlines,0,autogluon_norepeatbag_1h,openml.org/t/189354,,,0.2921520000000001,0.7078479999999999,local,14.0,14.0,,binary,2904038408,stable,409.381,3688.3,2020-02-03T09:53:16,0.0.5
0.692809,0.7622399999999999,Albert,0,autogluon_norepeatbag_1h,openml.org/t/189356,,,0.23776000000000008,0.7622399999999999,local,11.0,11.0,,binary,3770913915,stable,647.055,3655.0,2020-02-03T10:14:31,0.0.5
0.948734,0.880207,Amazon_employee_access,0,autogluon_norepeatbag_1h,openml.org/t/34539,,,0.11979300000000004,0.880207,local,22.0,22.0,,binary,3501231551,stable,21.4452,2499.6,2020-02-03T09:09:04,0.0.5
0.995658,0.992811,APSFailure,0,autogluon_norepeatbag_1h,openml.org/t/168868,,,0.007189000000000001,0.992811,local,22.0,22.0,,binary,340291922,stable,119.603,3618.1,2020-02-03T09:35:00,0.0.5
0.8695649999999999,0.949066,Australian,0,autogluon_norepeatbag_1h,openml.org/t/146818,,,0.050934000000000035,0.949066,local,11.0,11.0,,binary,3463259410,stable,0.7145779999999999,43.4,2020-02-03T08:26:00,0.0.5
0.911544,0.940437,bank-marketing,0,autogluon_norepeatbag_1h,openml.org/t/14965,,,0.05956300000000003,0.940437,local,22.0,22.0,,binary,3427656515,stable,46.3182,3606.3,2020-02-03T09:28:52,0.0.5
0.773333,0.751949,blood-transfusion,0,autogluon_norepeatbag_1h,openml.org/t/10101,,,0.24805100000000002,0.751949,local,11.0,11.0,,binary,1546976210,stable,0.758184,46.5,2020-02-03T08:26:06,0.0.5
1.0,,car,0,autogluon_norepeatbag_1h,openml.org/t/146821,,0.00031344900000000004,0.00031344900000000004,0.00031344900000000004,local,20.0,20.0,,multiclass,1575233248,stable,11.2937,2288.4,2020-02-03T09:04:09,0.0.5
0.750923,0.8506959999999999,christine,0,autogluon_norepeatbag_1h,openml.org/t/168908,,,0.1493040000000001,0.8506959999999999,local,22.0,22.0,,binary,8536143,stable,68.393,3318.6,2020-02-03T09:25:38,0.0.5
0.962963,,cnae-9,0,autogluon_norepeatbag_1h,openml.org/t/9981,,0.144618,0.144618,0.144618,local,22.0,22.0,,multiclass,1447844136,stable,24.7847,1139.4,2020-02-03T08:46:03,0.0.5
0.8704850000000001,,connect-4,0,autogluon_norepeatbag_1h,openml.org/t/146195,,0.328466,0.328466,0.328466,local,22.0,22.0,,multiclass,283524052,stable,271.411,3614.7,2020-02-03T09:42:15,0.0.5
0.976713,,Covertype,0,autogluon_norepeatbag_1h,openml.org/t/7593,,0.0573393,0.0573393,0.0573393,local,11.0,11.0,,multiclass,74617257,stable,258.788,3827.8,2020-02-03T09:47:38,0.0.5
0.79,0.857619,credit-g,0,autogluon_norepeatbag_1h,openml.org/t/31,,,0.14238099999999998,0.857619,local,22.0,22.0,,binary,2174486719,stable,3.3796,260.4,2020-02-03T08:30:13,0.0.5
0.994,,dilbert,0,autogluon_norepeatbag_1h,openml.org/t/168909,,0.0261206,0.0261206,0.0261206,local,17.0,17.0,,multiclass,1332270968,stable,156.82299999999995,3603.6,2020-02-03T09:38:01,0.0.5
0.836084,,Dionis,0,autogluon_norepeatbag_1h,openml.org/t/189355,,0.964222,0.964222,0.964222,local,4.0,4.0,,multiclass,1851830328,stable,388.541,3374.1,2020-02-03T09:55:50,0.0.5
0.728155,,fabert,0,autogluon_norepeatbag_1h,openml.org/t/168910,,0.652269,0.652269,0.652269,local,21.0,21.0,,multiclass,2540412660,stable,64.3471,3099.9,2020-02-03T09:21:20,0.0.5
0.9,,Fashion-MNIST,0,autogluon_norepeatbag_1h,openml.org/t/146825,,0.28671,0.28671,0.28671,local,12.0,12.0,,multiclass,4269466464,stable,169.19799999999995,3631.0,2020-02-03T09:39:10,0.0.5
0.855,0.926103,guiellermo,0,autogluon_norepeatbag_1h,openml.org/t/168337,,,0.07389699999999999,0.926103,local,16.0,16.0,,binary,3325294000,stable,307.237,3642.6,2020-02-03T10:04:23,0.0.5
0.372699,,Helena,0,autogluon_norepeatbag_1h,openml.org/t/168329,,2.61479,2.61479,2.61479,local,9.0,9.0,,multiclass,1798242468,stable,17.8311,3792.3,2020-02-03T09:32:02,0.0.5
0.735237,0.817951,higgs,0,autogluon_norepeatbag_1h,openml.org/t/146606,,,0.18204900000000002,0.817951,local,20.0,20.0,,binary,3631182484,stable,800.9989999999998,3623.0,2020-02-03T10:15:11,0.0.5
0.730834,,Jannis,0,autogluon_norepeatbag_1h,openml.org/t/168330,,0.662201,0.662201,0.662201,local,20.0,20.0,,multiclass,1016203326,stable,311.138,3621.5,2020-02-03T09:46:08,0.0.5
0.812709,0.875973,jasmine,0,autogluon_norepeatbag_1h,openml.org/t/168911,,,0.124027,0.875973,local,22.0,22.0,,binary,3841224773,stable,9.82542,325.1,2020-02-03T08:31:52,0.0.5
0.990406,,jungle_chess_2pcs_raw_endgame_complete,0,autogluon_norepeatbag_1h,openml.org/t/167119,,0.0269008,0.0269008,0.0269008,local,22.0,22.0,,multiclass,1170479405,stable,40.8189,3506.1,2020-02-03T09:27:11,0.0.5
0.8909950000000001,0.865136,kc1,0,autogluon_norepeatbag_1h,openml.org/t/3917,,,0.13486399999999998,0.865136,local,22.0,22.0,,binary,2411658851,stable,10.9592,227.9,2020-02-03T08:30:13,0.0.5
0.9822,0.853319,KDDCup09_appetency,0,autogluon_norepeatbag_1h,openml.org/t/3945,,,0.14668099999999995,0.853319,local,21.0,21.0,,binary,3911458540,stable,157.471,3613.1,2020-02-03T09:36:00,0.0.5
0.99375,0.999922,kr-vs-kp,0,autogluon_norepeatbag_1h,openml.org/t/3,,,7.80000000000225e-05,0.999922,local,20.0,20.0,,binary,1590318951,stable,10.2638,732.3,2020-02-03T08:38:39,0.0.5
0.98,,mfeat-factors,0,autogluon_norepeatbag_1h,openml.org/t/12,,0.0764378,0.0764378,0.0764378,local,22.0,22.0,,multiclass,1528297884,stable,2.22545,3500.2,2020-02-03T09:24:36,0.0.5
0.945491,0.985768,MiniBooNE,0,autogluon_norepeatbag_1h,openml.org/t/168335,,,0.014232000000000022,0.985768,local,20.0,20.0,,binary,1509303809,stable,198.256,3631.6,2020-02-03T09:37:16,0.0.5
0.978242,0.997673,nomao,0,autogluon_norepeatbag_1h,openml.org/t/9977,,,0.002326999999999968,0.997673,local,22.0,22.0,,binary,1806796869,stable,50.911,1985.2,2020-02-03T09:03:45,0.0.5
0.508617,0.515613,numerai28.6,0,autogluon_norepeatbag_1h,openml.org/t/167120,,,0.484387,0.515613,local,22.0,22.0,,binary,1931675416,stable,643.135,3624.4,2020-02-03T10:01:04,0.0.5
0.914972,0.973806,phoneme,0,autogluon_norepeatbag_1h,openml.org/t/9952,,,0.02619400000000005,0.973806,local,22.0,22.0,,binary,1615557822,stable,12.603,721.2,2020-02-03T08:38:40,0.0.5
0.998,0.999853,riccardo,0,autogluon_norepeatbag_1h,openml.org/t/168338,,,0.00014700000000000824,0.999853,local,13.0,13.0,,binary,3785896522,stable,33.8623,3640.5,2020-02-03T09:54:24,0.0.5
0.495,,Robert,0,autogluon_norepeatbag_1h,openml.org/t/168332,,1.60388,1.60388,1.60388,local,9.0,9.0,,multiclass,2023589736,stable,28.8589,3538.0,2020-02-03T09:46:08,0.0.5
0.991342,,segment,0,autogluon_norepeatbag_1h,openml.org/t/146822,,0.0502402,0.0502402,0.0502402,local,22.0,22.0,,multiclass,1412207418,stable,13.5784,1258.8,2020-02-03T08:47:46,0.0.5
0.999828,,Shuttle,0,autogluon_norepeatbag_1h,openml.org/t/146212,,0.0005963709999999999,0.0005963709999999999,0.0005963709999999999,local,22.0,22.0,,multiclass,2297125793,stable,16.2893,3622.0,2020-02-03T09:28:53,0.0.5
0.951267,0.987035,sylvine,0,autogluon_norepeatbag_1h,openml.org/t/168912,,,0.012965000000000004,0.987035,local,22.0,22.0,,binary,2809685896,stable,10.0321,436.4,2020-02-03T08:33:52,0.0.5
0.847059,,vehicle,0,autogluon_norepeatbag_1h,openml.org/t/53,,0.310439,0.310439,0.310439,local,22.0,22.0,,multiclass,20423876,stable,8.3533,197.7,2020-02-03T08:29:51,0.0.5
0.737438,,Volkert,0,autogluon_norepeatbag_1h,openml.org/t/168331,,0.728156,0.728156,0.728156,local,17.0,17.0,,multiclass,3881974082,stable,621.43,3625.0,2020-02-03T09:59:53,0.0.5
0.878199,0.932321,adult,0,autogluon_nostack_1h,openml.org/t/7592,,,0.06767900000000004,0.932321,local,11.0,11.0,,binary,3290063750,stable,1.06057,3468.2,2020-02-03T09:20:15,0.0.5
0.67415,0.730874,Airlines,0,autogluon_nostack_1h,openml.org/t/189354,,,0.269126,0.730874,local,8.0,8.0,,binary,2413690871,stable,11.2389,3574.0,2020-02-03T09:32:30,0.0.5
0.6918449999999999,0.7619560000000001,Albert,0,autogluon_nostack_1h,openml.org/t/189356,,,0.23804399999999992,0.7619560000000001,local,6.0,6.0,,binary,3453534737,stable,194.157,3689.1,2020-02-03T09:49:19,0.0.5
0.947208,0.883192,Amazon_employee_access,0,autogluon_nostack_1h,openml.org/t/34539,,,0.11680800000000002,0.883192,local,11.0,11.0,,binary,281757748,stable,3.75315,2042.7,2020-02-03T08:56:10,0.0.5
0.995526,0.992577,APSFailure,0,autogluon_nostack_1h,openml.org/t/168868,,,0.007422999999999957,0.992577,local,11.0,11.0,,binary,3940120885,stable,12.0179,2724.6,2020-02-03T09:10:19,0.0.5
0.8695649999999999,0.950764,Australian,0,autogluon_nostack_1h,openml.org/t/146818,,,0.049235999999999946,0.950764,local,11.0,11.0,,binary,1220041994,stable,23.4897,1408.0,2020-02-03T08:47:33,0.0.5
0.909774,0.94048,bank-marketing,0,autogluon_nostack_1h,openml.org/t/14965,,,0.05952000000000002,0.94048,local,11.0,11.0,,binary,324802000,stable,21.4068,3484.5,2020-02-03T09:21:07,0.0.5
0.76,0.7597470000000001,blood-transfusion,0,autogluon_nostack_1h,openml.org/t/10101,,,0.24025299999999994,0.7597470000000001,local,11.0,11.0,,binary,2376207568,stable,23.9668,1473.7,2020-02-03T08:48:42,0.0.5
1.0,,car,0,autogluon_nostack_1h,openml.org/t/146821,,0.00144383,0.00144383,0.00144383,local,9.0,9.0,,multiclass,2425284048,stable,1.87498,2628.1,2020-02-03T09:05:06,0.0.5
0.752768,0.844664,christine,0,autogluon_nostack_1h,openml.org/t/168908,,,0.15533600000000003,0.844664,local,11.0,11.0,,binary,3532102429,stable,30.4374,1682.2,2020-02-03T08:51:40,0.0.5
0.962963,,cnae-9,0,autogluon_nostack_1h,openml.org/t/9981,,0.16933299999999998,0.16933299999999998,0.16933299999999998,local,11.0,11.0,,multiclass,1339517461,stable,68.5538,3260.0,2020-02-03T09:19:37,0.0.5
0.865157,,connect-4,0,autogluon_nostack_1h,openml.org/t/146195,,0.344848,0.344848,0.344848,local,11.0,11.0,,multiclass,3237721305,stable,7.44447,3616.6,2020-02-03T09:27:14,0.0.5
0.971946,,Covertype,0,autogluon_nostack_1h,openml.org/t/7593,,0.0730615,0.0730615,0.0730615,local,7.0,7.0,,multiclass,2162394541,stable,134.02700000000002,3843.0,2020-02-03T09:39:16,0.0.5
0.8,0.851429,credit-g,0,autogluon_nostack_1h,openml.org/t/31,,,0.148571,0.851429,local,11.0,11.0,,binary,3315042614,stable,30.1552,3058.6,2020-02-03T09:15:48,0.0.5
0.987,,dilbert,0,autogluon_nostack_1h,openml.org/t/168909,,0.0370878,0.0370878,0.0370878,local,9.0,9.0,,multiclass,824678929,stable,67.7833,3594.3,2020-02-03T09:27:48,0.0.5
0.912372,,Dionis,0,autogluon_nostack_1h,openml.org/t/189355,,0.368788,0.368788,0.368788,local,5.0,5.0,,multiclass,1371177546,stable,23.5899,4007.3,2020-02-03T09:48:56,0.0.5
0.73665,,fabert,0,autogluon_nostack_1h,openml.org/t/168910,,0.7041,0.7041,0.7041,local,11.0,11.0,,multiclass,1785550478,stable,22.2386,3140.2,2020-02-03T09:15:29,0.0.5
0.8824290000000001,,Fashion-MNIST,0,autogluon_nostack_1h,openml.org/t/146825,,0.333573,0.333573,0.333573,local,8.0,8.0,,multiclass,2814434368,stable,987.118,3637.5,2020-02-03T10:32:16,0.0.5
0.8335,0.912306,guiellermo,0,autogluon_nostack_1h,openml.org/t/168337,,,0.08769400000000005,0.912306,local,9.0,9.0,,binary,3644897340,stable,22.0185,3611.2,2020-02-03T09:43:58,0.0.5
0.38865,,Helena,0,autogluon_nostack_1h,openml.org/t/168329,,2.55453,2.55453,2.55453,local,6.0,6.0,,multiclass,432521063,stable,20.084,3825.9,2020-02-03T09:27:38,0.0.5
0.7387050000000001,0.817986,higgs,0,autogluon_nostack_1h,openml.org/t/146606,,,0.182014,0.817986,local,11.0,11.0,,binary,288879673,stable,286.342,3620.4,2020-02-03T09:38:11,0.0.5
0.720205,,Jannis,0,autogluon_nostack_1h,openml.org/t/168330,,0.675918,0.675918,0.675918,local,11.0,11.0,,multiclass,4034640754,stable,8.638119999999999,3618.3,2020-02-03T09:27:15,0.0.5
0.816054,0.8696200000000001,jasmine,0,autogluon_nostack_1h,openml.org/t/168911,,,0.13037999999999994,0.8696200000000001,local,11.0,11.0,,binary,2118095502,stable,47.6994,3292.7,2020-02-03T09:21:20,0.0.5
0.891343,,jungle_chess_2pcs_raw_endgame_complete,0,autogluon_nostack_1h,openml.org/t/167119,,0.168951,0.168951,0.168951,local,11.0,11.0,,multiclass,679327023,stable,2.1339,3609.7,2020-02-03T09:23:07,0.0.5
0.881517,0.845932,kc1,0,autogluon_nostack_1h,openml.org/t/3917,,,0.15406799999999998,0.845932,local,11.0,11.0,,binary,2581175715,stable,73.9762,2523.2,2020-02-03T09:08:28,0.0.5
0.9822,0.86105,KDDCup09_appetency,0,autogluon_nostack_1h,openml.org/t/3945,,,0.13895000000000002,0.86105,local,11.0,11.0,,binary,3684920394,stable,102.493,3612.8,2020-02-03T09:28:48,0.0.5
0.99375,0.999961,kr-vs-kp,0,autogluon_nostack_1h,openml.org/t/3,,,3.900000000001125e-05,0.999961,local,9.0,9.0,,binary,923964018,stable,21.7611,3327.7,2020-02-03T09:18:42,0.0.5
0.98,,mfeat-factors,0,autogluon_nostack_1h,openml.org/t/12,,0.07041289999999999,0.07041289999999999,0.07041289999999999,local,11.0,11.0,,multiclass,686130174,stable,2.28816,2498.3,2020-02-03T09:03:12,0.0.5
0.949258,0.987445,MiniBooNE,0,autogluon_nostack_1h,openml.org/t/168335,,,0.012554999999999983,0.987445,local,11.0,11.0,,binary,4137973556,stable,7.95825,3629.2,2020-02-03T09:25:27,0.0.5
0.976501,0.996847,nomao,0,autogluon_nostack_1h,openml.org/t/9977,,,0.0031529999999999614,0.996847,local,11.0,11.0,,binary,227734515,stable,20.6103,3184.9,2020-02-03T09:18:50,0.0.5
0.515262,0.525672,numerai28.6,0,autogluon_nostack_1h,openml.org/t/167120,,,0.47432799999999997,0.525672,local,11.0,11.0,,binary,3655159834,stable,20.0373,2632.5,2020-02-03T09:12:04,0.0.5
0.914972,0.97178,phoneme,0,autogluon_nostack_1h,openml.org/t/9952,,,0.028220000000000023,0.97178,local,11.0,11.0,,binary,1150413402,stable,20.9414,2893.3,2020-02-03T09:11:03,0.0.5
0.9975,0.999751,riccardo,0,autogluon_nostack_1h,openml.org/t/168338,,,0.00024900000000005473,0.999751,local,8.0,8.0,,binary,4262659102,stable,18.4981,3530.0,2020-02-03T09:57:37,0.0.5
0.49,,Robert,0,autogluon_nostack_1h,openml.org/t/168332,,1.6144,1.6144,1.6144,local,8.0,8.0,,multiclass,3440461774,stable,257.06,3623.1,2020-02-03T09:59:03,0.0.5
0.991342,,segment,0,autogluon_nostack_1h,openml.org/t/146822,,0.06590750000000001,0.06590750000000001,0.06590750000000001,local,11.0,11.0,,multiclass,2653080515,stable,19.291,2966.2,2020-02-03T09:12:24,0.0.5
0.999655,,Shuttle,0,autogluon_nostack_1h,openml.org/t/146212,,0.000949371,0.000949371,0.000949371,local,11.0,11.0,,multiclass,2362346739,stable,9.29891,3599.2,2020-02-03T09:23:28,0.0.5
0.945419,0.983691,sylvine,0,autogluon_nostack_1h,openml.org/t/168912,,,0.016309000000000018,0.983691,local,11.0,11.0,,binary,472379393,stable,61.8915,3492.7,2020-02-03T09:24:00,0.0.5
0.8705879999999999,,vehicle,0,autogluon_nostack_1h,openml.org/t/53,,0.369374,0.369374,0.369374,local,11.0,11.0,,multiclass,4129394319,stable,23.2378,2539.6,2020-02-03T09:07:26,0.0.5
0.711199,,Volkert,0,autogluon_nostack_1h,openml.org/t/168331,,0.802421,0.802421,0.802421,local,10.0,10.0,,multiclass,3536890568,stable,34.4587,3627.4,2020-02-03T09:28:51,0.0.5
0.876151,0.932323,adult,0,autogluon_nobag_4h,openml.org/t/7592,,,0.06767699999999999,0.932323,local,11.0,11.0,,binary,1097994856,stable,1.71721,673.8,2020-02-03T08:39:52,0.0.5
0.673705,0.729561,Airlines,0,autogluon_nobag_4h,openml.org/t/189354,,,0.270439,0.729561,local,9.0,9.0,,binary,3194934355,stable,10.5327,7097.3,2020-02-03T10:29:47,0.0.5
0.69255,0.764506,Albert,0,autogluon_nobag_4h,openml.org/t/189356,,,0.23549399999999998,0.764506,local,11.0,11.0,,binary,2315097388,stable,21.8003,1559.9,2020-02-03T09:04:54,0.0.5
0.946597,0.8748799999999999,Amazon_employee_access,0,autogluon_nobag_4h,openml.org/t/34539,,,0.12512000000000012,0.8748799999999999,local,11.0,11.0,,binary,298460316,stable,0.466466,193.1,2020-02-03T08:31:46,0.0.5
0.995132,0.994826,APSFailure,0,autogluon_nobag_4h,openml.org/t/168868,,,0.005174000000000012,0.994826,local,11.0,11.0,,binary,1143199626,stable,0.867325,289.5,2020-02-03T08:34:06,0.0.5
0.8695649999999999,0.93039,Australian,0,autogluon_nobag_4h,openml.org/t/146818,,,0.06960999999999995,0.93039,local,11.0,11.0,,binary,1085977885,stable,0.140002,11.2,2020-02-03T08:27:36,0.0.5
0.909332,0.93899,bank-marketing,0,autogluon_nobag_4h,openml.org/t/14965,,,0.06101000000000001,0.93899,local,11.0,11.0,,binary,779391182,stable,2.36899,360.5,2020-02-03T08:34:48,0.0.5
0.773333,0.778265,blood-transfusion,0,autogluon_nobag_4h,openml.org/t/10101,,,0.22173500000000002,0.778265,local,11.0,11.0,,binary,1283152601,stable,0.126141,12.9,2020-02-03T08:27:40,0.0.5
1.0,,car,0,autogluon_nobag_4h,openml.org/t/146821,,0.0012724,0.0012724,0.0012724,local,9.0,9.0,,multiclass,192322824,stable,0.0614271,74.9,2020-02-03T08:28:50,0.0.5
0.741697,0.835501,christine,0,autogluon_nobag_4h,openml.org/t/168908,,,0.16449899999999995,0.835501,local,11.0,11.0,,binary,4204483972,stable,2.95388,185.7,2020-02-03T08:31:45,0.0.5
0.944444,,cnae-9,0,autogluon_nobag_4h,openml.org/t/9981,,0.195217,0.195217,0.195217,local,11.0,11.0,,multiclass,1294512680,stable,1.98914,61.8,2020-02-03T08:28:52,0.0.5
0.8676729999999999,,connect-4,0,autogluon_nobag_4h,openml.org/t/146195,,0.344595,0.344595,0.344595,local,11.0,11.0,,multiclass,903458539,stable,2.65186,659.6,2020-02-03T08:40:08,0.0.5
0.972755,,Covertype,0,autogluon_nobag_4h,openml.org/t/7593,,0.0698468,0.0698468,0.0698468,local,8.0,8.0,,multiclass,397705765,stable,9.25514,14433.9,2020-02-03T12:33:28,0.0.5
0.77,0.824286,credit-g,0,autogluon_nobag_4h,openml.org/t/31,,,0.17571400000000004,0.824286,local,11.0,11.0,,binary,360938530,stable,0.4704930000000001,18.7,2020-02-03T08:28:03,0.0.5
0.987,,dilbert,0,autogluon_nobag_4h,openml.org/t/168909,,0.0554656,0.0554656,0.0554656,local,11.0,11.0,,multiclass,3582123669,stable,0.979371,6610.3,2020-02-03T10:20:32,0.0.5
0.931834,,Dionis,0,autogluon_nobag_4h,openml.org/t/189355,,0.273274,0.273274,0.273274,local,7.0,7.0,,multiclass,3442190156,stable,5.98237,14469.6,2020-02-03T12:44:32,0.0.5
0.734223,,fabert,0,autogluon_nobag_4h,openml.org/t/168910,,0.715561,0.715561,0.715561,local,11.0,11.0,,multiclass,2382577426,stable,0.978974,387.8,2020-02-03T08:34:56,0.0.5
0.909714,,Fashion-MNIST,0,autogluon_nobag_4h,openml.org/t/146825,,0.248271,0.248271,0.248271,local,11.0,11.0,,multiclass,449426193,stable,105.078,3806.8,2020-02-03T09:42:18,0.0.5
0.846,0.914402,guiellermo,0,autogluon_nobag_4h,openml.org/t/168337,,,0.08559799999999995,0.914402,local,11.0,11.0,,binary,1785059737,stable,4.3701,1277.9,2020-02-03T09:08:09,0.0.5
0.39862,,Helena,0,autogluon_nobag_4h,openml.org/t/168329,,2.48393,2.48393,2.48393,local,7.0,7.0,,multiclass,2729750608,stable,9.87939,1092.4,2020-02-03T08:48:03,0.0.5
0.738399,0.816771,higgs,0,autogluon_nobag_4h,openml.org/t/146606,,,0.18322899999999998,0.816771,local,11.0,11.0,,binary,2992220835,stable,26.7897,346.0,2020-02-03T08:36:35,0.0.5
0.722833,,Jannis,0,autogluon_nobag_4h,openml.org/t/168330,,0.673816,0.673816,0.673816,local,11.0,11.0,,multiclass,3960134568,stable,1.07342,418.7,2020-02-03T08:36:48,0.0.5
0.822742,0.86877,jasmine,0,autogluon_nobag_4h,openml.org/t/168911,,,0.13122999999999996,0.86877,local,11.0,11.0,,binary,704832640,stable,0.668719,20.0,2020-02-03T08:28:21,0.0.5
0.954485,,jungle_chess_2pcs_raw_endgame_complete,0,autogluon_nobag_4h,openml.org/t/167119,,0.0838653,0.0838653,0.0838653,local,11.0,11.0,,multiclass,116025535,stable,0.220867,1108.5,2020-02-03T08:47:34,0.0.5
0.8862559999999999,0.845234,kc1,0,autogluon_nobag_4h,openml.org/t/3917,,,0.15476599999999996,0.845234,local,11.0,11.0,,binary,1157701436,stable,0.402013,14.4,2020-02-03T08:28:14,0.0.5
0.9822,0.840901,KDDCup09_appetency,0,autogluon_nobag_4h,openml.org/t/3945,,,0.159099,0.840901,local,11.0,11.0,,binary,2265869535,stable,9.73439,1384.7,2020-02-03T08:53:11,0.0.5
0.99375,0.999922,kr-vs-kp,0,autogluon_nobag_4h,openml.org/t/3,,,7.80000000000225e-05,0.999922,local,9.0,9.0,,binary,79345579,stable,0.110405,34.5,2020-02-03T08:28:37,0.0.5
0.97,,mfeat-factors,0,autogluon_nobag_4h,openml.org/t/12,,0.0922185,0.0922185,0.0922185,local,11.0,11.0,,multiclass,3595645808,stable,0.684667,250.5,2020-02-03T08:32:16,0.0.5
0.947874,0.986815,MiniBooNE,0,autogluon_nobag_4h,openml.org/t/168335,,,0.013185000000000002,0.986815,local,11.0,11.0,,binary,3166943335,stable,2.67311,535.0,2020-02-03T08:38:44,0.0.5
0.974471,0.995891,nomao,0,autogluon_nobag_4h,openml.org/t/9977,,,0.004109000000000029,0.995891,local,11.0,11.0,,binary,3771042190,stable,2.69881,120.3,2020-02-03T08:31:36,0.0.5
0.513393,0.519191,numerai28.6,0,autogluon_nobag_4h,openml.org/t/167120,,,0.48080900000000004,0.519191,local,11.0,11.0,,binary,1650913175,stable,12.0445,314.8,2020-02-03T08:35:41,0.0.5
0.907579,0.970052,phoneme,0,autogluon_nobag_4h,openml.org/t/9952,,,0.029947999999999975,0.970052,local,11.0,11.0,,binary,1660442277,stable,0.8193540000000001,34.5,2020-02-03T08:28:46,0.0.5
0.998,0.999792,riccardo,0,autogluon_nobag_4h,openml.org/t/168338,,,0.00020799999999998597,0.999792,local,11.0,11.0,,binary,3953624664,stable,4.26882,1603.3,2020-02-03T09:15:04,0.0.5
0.557,,Robert,0,autogluon_nobag_4h,openml.org/t/168332,,1.2866799999999998,1.2866799999999998,1.2866799999999998,local,11.0,11.0,,multiclass,204763481,stable,32.1579,14477.8,2020-02-03T12:50:16,0.0.5
0.991342,,segment,0,autogluon_nobag_4h,openml.org/t/146822,,0.06553099999999999,0.06553099999999999,0.06553099999999999,local,11.0,11.0,,multiclass,565903812,stable,0.273882,37.6,2020-02-03T08:28:50,0.0.5
0.999655,,Shuttle,0,autogluon_nobag_4h,openml.org/t/146212,,0.000982111,0.000982111,0.000982111,local,11.0,11.0,,multiclass,792994363,stable,0.0305259,442.5,2020-02-03T08:36:53,0.0.5
0.939571,0.982657,sylvine,0,autogluon_nobag_4h,openml.org/t/168912,,,0.017342999999999997,0.982657,local,11.0,11.0,,binary,570394255,stable,0.440575,28.0,2020-02-03T08:28:45,0.0.5
0.847059,,vehicle,0,autogluon_nobag_4h,openml.org/t/53,,0.398856,0.398856,0.398856,local,11.0,11.0,,multiclass,165532290,stable,0.193587,16.6,2020-02-03T08:28:35,0.0.5
0.716515,,Volkert,0,autogluon_nobag_4h,openml.org/t/168331,,0.788499,0.788499,0.788499,local,11.0,11.0,,multiclass,3483061394,stable,6.1535400000000005,923.3,2020-02-03T08:45:59,0.0.5
0.876561,0.932329,adult,0,autogluon_noknn_4h,openml.org/t/7592,,,0.06767100000000004,0.932329,local,9.0,9.0,,binary,4089445026,stable,0.119471,551.5,2020-02-03T08:46:43,0.0.5
0.673057,0.7284579999999999,Airlines,0,autogluon_noknn_4h,openml.org/t/189354,,,0.27154200000000006,0.7284579999999999,local,9.0,9.0,,binary,3501757836,stable,32.579,6095.1,2020-02-03T10:23:42,0.0.5
0.691821,0.76399,Albert,0,autogluon_noknn_4h,openml.org/t/189356,,,0.23601000000000005,0.76399,local,9.0,9.0,,binary,2365868367,stable,0.708803,1615.0,2020-02-03T09:12:58,0.0.5
0.947208,0.873333,Amazon_employee_access,0,autogluon_noknn_4h,openml.org/t/34539,,,0.12666699999999997,0.873333,local,9.0,9.0,,binary,2077488335,stable,0.466711,194.9,2020-02-03T08:40:45,0.0.5
0.994868,0.994847,APSFailure,0,autogluon_noknn_4h,openml.org/t/168868,,,0.005152999999999963,0.994847,local,9.0,9.0,,binary,3051039979,stable,0.160571,267.3,2020-02-03T08:42:31,0.0.5
0.8695649999999999,0.936333,Australian,0,autogluon_noknn_4h,openml.org/t/146818,,,0.06366700000000003,0.936333,local,9.0,9.0,,binary,3554853477,stable,0.0227218,10.2,2020-02-03T08:36:31,0.0.5
0.909332,0.939364,bank-marketing,0,autogluon_noknn_4h,openml.org/t/14965,,,0.06063600000000002,0.939364,local,9.0,9.0,,binary,1831829405,stable,1.7724,411.4,2020-02-03T08:44:33,0.0.5
0.773333,0.7802140000000001,blood-transfusion,0,autogluon_noknn_4h,openml.org/t/10101,,,0.21978599999999993,0.7802140000000001,local,9.0,9.0,,binary,3865164382,stable,0.12639,12.5,2020-02-03T08:36:40,0.0.5
1.0,,car,0,autogluon_noknn_4h,openml.org/t/146821,,0.0012724,0.0012724,0.0012724,local,9.0,9.0,,multiclass,2426809017,stable,0.051080699999999986,87.7,2020-02-03T08:37:59,0.0.5
0.743542,0.836549,christine,0,autogluon_noknn_4h,openml.org/t/168908,,,0.163451,0.836549,local,9.0,9.0,,binary,2355548761,stable,2.57092,176.2,2020-02-03T08:40:28,0.0.5
0.935185,,cnae-9,0,autogluon_noknn_4h,openml.org/t/9981,,0.192438,0.192438,0.192438,local,9.0,9.0,,multiclass,2603167737,stable,1.99842,59.6,2020-02-03T08:37:47,0.0.5
0.8672290000000001,,connect-4,0,autogluon_noknn_4h,openml.org/t/146195,,0.344393,0.344393,0.344393,local,9.0,9.0,,multiclass,3359885447,stable,2.47335,631.6,2020-02-03T08:48:30,0.0.5
0.971705,,Covertype,0,autogluon_noknn_4h,openml.org/t/7593,,0.085749,0.085749,0.085749,local,7.0,7.0,,multiclass,2575772263,stable,110.625,10968.7,2020-02-03T11:49:46,0.0.5
0.77,0.8238099999999999,credit-g,0,autogluon_noknn_4h,openml.org/t/31,,,0.17619000000000007,0.8238099999999999,local,9.0,9.0,,binary,2118731271,stable,0.590472,17.4,2020-02-03T08:36:59,0.0.5
0.987,,dilbert,0,autogluon_noknn_4h,openml.org/t/168909,,0.0554656,0.0554656,0.0554656,local,9.0,9.0,,multiclass,1524478255,stable,0.998233,6605.7,2020-02-03T10:29:09,0.0.5
0.932651,,Dionis,0,autogluon_noknn_4h,openml.org/t/189355,,0.27034,0.27034,0.27034,local,4.0,4.0,,multiclass,43810739,stable,5.9943300000000015,14465.3,2020-02-03T12:48:59,0.0.5
0.73301,,fabert,0,autogluon_noknn_4h,openml.org/t/168910,,0.71804,0.71804,0.71804,local,9.0,9.0,,multiclass,3981267794,stable,1.405,377.3,2020-02-03T08:43:43,0.0.5
0.909286,,Fashion-MNIST,0,autogluon_noknn_4h,openml.org/t/146825,,0.247826,0.247826,0.247826,local,9.0,9.0,,multiclass,3233063756,stable,3.09695,3642.6,2020-02-03T09:41:33,0.0.5
0.848,0.914621,guiellermo,0,autogluon_noknn_4h,openml.org/t/168337,,,0.08537899999999998,0.914621,local,9.0,9.0,,binary,1406848117,stable,6.50597,1222.7,2020-02-03T09:15:33,0.0.5
0.403374,,Helena,0,autogluon_noknn_4h,openml.org/t/168329,,2.47,2.47,2.47,local,5.0,5.0,,multiclass,2524100251,stable,10.3684,1149.8,2020-02-03T08:57:56,0.0.5
0.738297,0.817399,higgs,0,autogluon_noknn_4h,openml.org/t/146606,,,0.182601,0.817399,local,9.0,9.0,,binary,1451169345,stable,3.16859,338.3,2020-02-03T08:43:48,0.0.5
0.72331,,Jannis,0,autogluon_noknn_4h,openml.org/t/168330,,0.673991,0.673991,0.673991,local,9.0,9.0,,multiclass,1833929161,stable,1.08551,398.8,2020-02-03T08:45:11,0.0.5
0.819398,0.8703360000000001,jasmine,0,autogluon_noknn_4h,openml.org/t/168911,,,0.1296639999999999,0.8703360000000001,local,9.0,9.0,,binary,21526864,stable,0.4802270000000001,19.5,2020-02-03T08:37:16,0.0.5
0.964971,,jungle_chess_2pcs_raw_endgame_complete,0,autogluon_noknn_4h,openml.org/t/167119,,0.0627005,0.0627005,0.0627005,local,9.0,9.0,,multiclass,214962614,stable,0.222764,1635.1,2020-02-03T09:05:16,0.0.5
0.8862559999999999,0.838949,kc1,0,autogluon_noknn_4h,openml.org/t/3917,,,0.16105100000000006,0.838949,local,9.0,9.0,,binary,1744932410,stable,0.268467,13.2,2020-02-03T08:37:09,0.0.5
0.9822,0.847975,KDDCup09_appetency,0,autogluon_noknn_4h,openml.org/t/3945,,,0.15202499999999997,0.847975,local,9.0,9.0,,binary,2306500582,stable,9.86432,1369.8,2020-02-03T09:01:48,0.0.5
0.99375,0.999922,kr-vs-kp,0,autogluon_noknn_4h,openml.org/t/3,,,7.80000000000225e-05,0.999922,local,9.0,9.0,,binary,2685697314,stable,0.113916,37.2,2020-02-03T08:37:39,0.0.5
0.97,,mfeat-factors,0,autogluon_noknn_4h,openml.org/t/12,,0.0864241,0.0864241,0.0864241,local,9.0,9.0,,multiclass,1920195592,stable,0.663216,253.0,2020-02-03T08:41:15,0.0.5
0.94772,0.986899,MiniBooNE,0,autogluon_noknn_4h,openml.org/t/168335,,,0.01310100000000003,0.986899,local,9.0,9.0,,binary,2324950535,stable,1.80724,546.7,2020-02-03T08:47:41,0.0.5
0.974471,0.995931,nomao,0,autogluon_noknn_4h,openml.org/t/9977,,,0.004068999999999989,0.995931,local,9.0,9.0,,binary,1725044438,stable,0.8501219999999999,115.2,2020-02-03T08:40:19,0.0.5
0.518169,0.523863,numerai28.6,0,autogluon_noknn_4h,openml.org/t/167120,,,0.47613700000000003,0.523863,local,9.0,9.0,,binary,3605372086,stable,1.76765,277.3,2020-02-03T08:43:17,0.0.5
0.907579,0.970628,phoneme,0,autogluon_noknn_4h,openml.org/t/9952,,,0.029371999999999954,0.970628,local,9.0,9.0,,binary,2160814328,stable,0.33265500000000003,32.6,2020-02-03T08:37:39,0.0.5
0.996,0.999721,riccardo,0,autogluon_noknn_4h,openml.org/t/168338,,,0.0002790000000000292,0.999721,local,9.0,9.0,,binary,1741003863,stable,6.40382,1432.4,2020-02-03T09:19:07,0.0.5
0.555,,Robert,0,autogluon_noknn_4h,openml.org/t/168332,,1.29008,1.29008,1.29008,local,9.0,9.0,,multiclass,980209094,stable,7.67081,14427.6,2020-02-03T12:57:09,0.0.5
0.991342,,segment,0,autogluon_noknn_4h,openml.org/t/146822,,0.0600991,0.0600991,0.0600991,local,9.0,9.0,,multiclass,3115408931,stable,0.285486,35.2,2020-02-03T08:37:47,0.0.5
0.999655,,Shuttle,0,autogluon_noknn_4h,openml.org/t/146212,,0.000982111,0.000982111,0.000982111,local,9.0,9.0,,multiclass,4269595495,stable,0.0286739,381.2,2020-02-03T08:44:47,0.0.5
0.939571,0.984147,sylvine,0,autogluon_noknn_4h,openml.org/t/168912,,,0.015853000000000006,0.984147,local,9.0,9.0,,binary,488702940,stable,0.341462,26.9,2020-02-03T08:37:38,0.0.5
0.8235290000000001,,vehicle,0,autogluon_noknn_4h,openml.org/t/53,,0.404125,0.404125,0.404125,local,9.0,9.0,,multiclass,52704607,stable,0.194404,16.3,2020-02-03T08:37:33,0.0.5
0.714114,,Volkert,0,autogluon_noknn_4h,openml.org/t/168331,,0.7975300000000001,0.7975300000000001,0.7975300000000001,local,9.0,9.0,,multiclass,6010639,stable,2.94778,861.6,2020-02-03T08:53:29,0.0.5
0.876561,0.932329,adult,0,autogluon_nonn_4h,openml.org/t/7592,,,0.06767100000000004,0.932329,local,10.0,10.0,,binary,251458149,stable,0.118956,36.0,2020-02-03T08:33:40,0.0.5
0.673743,0.728785,Airlines,0,autogluon_nonn_4h,openml.org/t/189354,,,0.271215,0.728785,local,10.0,10.0,,binary,666855526,stable,1.38324,610.5,2020-02-03T08:47:39,0.0.5
0.69255,0.764506,Albert,0,autogluon_nonn_4h,openml.org/t/189356,,,0.23549399999999998,0.764506,local,10.0,10.0,,binary,1908932973,stable,21.7409,800.1,2020-02-03T08:56:27,0.0.5
0.947208,0.8746780000000001,Amazon_employee_access,0,autogluon_nonn_4h,openml.org/t/34539,,,0.12532199999999993,0.8746780000000001,local,10.0,10.0,,binary,4014560782,stable,0.438786,28.1,2020-02-03T08:33:29,0.0.5
0.994868,0.994707,APSFailure,0,autogluon_nonn_4h,openml.org/t/168868,,,0.005292999999999992,0.994707,local,10.0,10.0,,binary,3103582656,stable,0.300302,123.7,2020-02-03T08:35:49,0.0.5
0.8695649999999999,0.929542,Australian,0,autogluon_nonn_4h,openml.org/t/146818,,,0.07045800000000002,0.929542,local,10.0,10.0,,binary,3036258094,stable,0.12721500000000002,7.8,2020-02-03T08:32:01,0.0.5
0.909774,0.939259,bank-marketing,0,autogluon_nonn_4h,openml.org/t/14965,,,0.060741000000000045,0.939259,local,10.0,10.0,,binary,118092721,stable,1.25472,34.9,2020-02-03T08:33:46,0.0.5
0.76,0.758772,blood-transfusion,0,autogluon_nonn_4h,openml.org/t/10101,,,0.241228,0.758772,local,10.0,10.0,,binary,2111581554,stable,0.0138736,8.1,2020-02-03T08:32:07,0.0.5
1.0,,car,0,autogluon_nonn_4h,openml.org/t/146821,,0.0012724,0.0012724,0.0012724,local,8.0,8.0,,multiclass,442013884,stable,0.0516212,36.9,2020-02-03T08:32:40,0.0.5
0.736162,0.8342620000000001,christine,0,autogluon_nonn_4h,openml.org/t/168908,,,0.16573799999999994,0.8342620000000001,local,10.0,10.0,,binary,2183375802,stable,2.29558,165.6,2020-02-03T08:35:51,0.0.5
0.962963,,cnae-9,0,autogluon_nonn_4h,openml.org/t/9981,,0.188379,0.188379,0.188379,local,10.0,10.0,,multiclass,815841612,stable,0.8531540000000001,36.4,2020-02-03T08:32:50,0.0.5
0.8684129999999999,,connect-4,0,autogluon_nonn_4h,openml.org/t/146195,,0.344431,0.344431,0.344431,local,10.0,10.0,,multiclass,3795453795,stable,2.093,256.9,2020-02-03T08:37:54,0.0.5
0.975319,,Covertype,0,autogluon_nonn_4h,openml.org/t/7593,,0.0691007,0.0691007,0.0691007,local,8.0,8.0,,multiclass,362550177,stable,98.4327,3389.1,2020-02-03T09:38:31,0.0.5
0.76,0.831429,credit-g,0,autogluon_nonn_4h,openml.org/t/31,,,0.16857100000000003,0.831429,local,10.0,10.0,,binary,2846677554,stable,0.5731649999999999,9.0,2020-02-03T08:32:22,0.0.5
0.987,,dilbert,0,autogluon_nonn_4h,openml.org/t/168909,,0.0554656,0.0554656,0.0554656,local,10.0,10.0,,multiclass,2890380518,stable,0.961979,6462.7,2020-02-03T10:22:35,0.0.5
0.906173,,Dionis,0,autogluon_nonn_4h,openml.org/t/189355,,0.410099,0.410099,0.410099,local,6.0,6.0,,multiclass,4116537268,stable,35.0395,14484.4,2020-02-03T12:51:52,0.0.5
0.7378640000000001,,fabert,0,autogluon_nonn_4h,openml.org/t/168910,,0.715267,0.715267,0.715267,local,10.0,10.0,,multiclass,2711477106,stable,1.00879,354.1,2020-02-03T08:38:51,0.0.5
0.909714,,Fashion-MNIST,0,autogluon_nonn_4h,openml.org/t/146825,,0.248471,0.248471,0.248471,local,10.0,10.0,,multiclass,4100524591,stable,106.005,3805.0,2020-02-03T09:47:15,0.0.5
0.8465,0.914427,guiellermo,0,autogluon_nonn_4h,openml.org/t/168337,,,0.08557300000000001,0.914427,local,10.0,10.0,,binary,4166626354,stable,5.43175,1114.8,2020-02-03T09:09:39,0.0.5
0.391718,,Helena,0,autogluon_nonn_4h,openml.org/t/168329,,2.54082,2.54082,2.54082,local,6.0,6.0,,multiclass,3935638740,stable,9.34569,908.5,2020-02-03T08:49:24,0.0.5
0.7353390000000001,0.8153199999999999,higgs,0,autogluon_nonn_4h,openml.org/t/146606,,,0.18468000000000007,0.8153199999999999,local,10.0,10.0,,binary,3607755503,stable,28.5258,152.4,2020-02-03T08:37:37,0.0.5
0.722116,,Jannis,0,autogluon_nonn_4h,openml.org/t/168330,,0.675942,0.675942,0.675942,local,10.0,10.0,,multiclass,153363776,stable,0.600627,230.9,2020-02-03T08:38:00,0.0.5
0.822742,0.871051,jasmine,0,autogluon_nonn_4h,openml.org/t/168911,,,0.12894899999999998,0.871051,local,10.0,10.0,,binary,2852694302,stable,0.773876,10.7,2020-02-03T08:32:39,0.0.5
0.863454,,jungle_chess_2pcs_raw_endgame_complete,0,autogluon_nonn_4h,openml.org/t/167119,,0.220885,0.220885,0.220885,local,10.0,10.0,,multiclass,1092972826,stable,0.747524,87.4,2020-02-03T08:35:04,0.0.5
0.8862559999999999,0.845234,kc1,0,autogluon_nonn_4h,openml.org/t/3917,,,0.15476599999999996,0.845234,local,10.0,10.0,,binary,257160211,stable,0.404312,9.1,2020-02-03T08:32:36,0.0.5
0.9822,0.8488030000000001,KDDCup09_appetency,0,autogluon_nonn_4h,openml.org/t/3945,,,0.15119699999999991,0.8488030000000001,local,10.0,10.0,,binary,1211532962,stable,0.722125,62.4,2020-02-03T08:35:10,0.0.5
0.99375,0.999922,kr-vs-kp,0,autogluon_nonn_4h,openml.org/t/3,,,7.80000000000225e-05,0.999922,local,8.0,8.0,,binary,2573499787,stable,0.109104,14.3,2020-02-03T08:32:45,0.0.5
0.975,,mfeat-factors,0,autogluon_nonn_4h,openml.org/t/12,,0.106253,0.106253,0.106253,local,10.0,10.0,,multiclass,1568933146,stable,0.603047,230.7,2020-02-03T08:36:23,0.0.5
0.942569,0.98444,MiniBooNE,0,autogluon_nonn_4h,openml.org/t/168335,,,0.015560000000000018,0.98444,local,10.0,10.0,,binary,1306711718,stable,1.4302,242.8,2020-02-03T08:38:18,0.0.5
0.974471,0.995923,nomao,0,autogluon_nonn_4h,openml.org/t/9977,,,0.004076999999999997,0.995923,local,10.0,10.0,,binary,2797819348,stable,2.24278,47.5,2020-02-03T08:34:50,0.0.5
0.5099670000000001,0.51739,numerai28.6,0,autogluon_nonn_4h,openml.org/t/167120,,,0.48261,0.51739,local,10.0,10.0,,binary,4290593165,stable,11.1389,117.6,2020-02-03T08:36:47,0.0.5
0.903882,0.96801,phoneme,0,autogluon_nonn_4h,openml.org/t/9952,,,0.03198999999999996,0.96801,local,10.0,10.0,,binary,2176035581,stable,0.706376,12.8,2020-02-03T08:32:52,0.0.5
0.9975,0.999771,riccardo,0,autogluon_nonn_4h,openml.org/t/168338,,,0.00022900000000003473,0.999771,local,10.0,10.0,,binary,367059593,stable,5.210380000000002,1482.2,2020-02-03T09:16:17,0.0.5
0.556,,Robert,0,autogluon_nonn_4h,openml.org/t/168332,,1.28749,1.28749,1.28749,local,10.0,10.0,,multiclass,1631027295,stable,30.767,14477.6,2020-02-03T12:55:12,0.0.5
0.991342,,segment,0,autogluon_nonn_4h,openml.org/t/146822,,0.0666905,0.0666905,0.0666905,local,10.0,10.0,,multiclass,1797086427,stable,0.389555,21.9,2020-02-03T08:33:03,0.0.5
0.999655,,Shuttle,0,autogluon_nonn_4h,openml.org/t/146212,,0.000982111,0.000982111,0.000982111,local,10.0,10.0,,multiclass,4286753282,stable,0.0293152,53.7,2020-02-03T08:34:53,0.0.5
0.937622,0.982125,sylvine,0,autogluon_nonn_4h,openml.org/t/168912,,,0.017874999999999974,0.982125,local,10.0,10.0,,binary,2744548625,stable,0.536593,12.5,2020-02-03T08:32:54,0.0.5
0.764706,,vehicle,0,autogluon_nonn_4h,openml.org/t/53,,0.477652,0.477652,0.477652,local,10.0,10.0,,multiclass,3137259406,stable,0.0725033,12.4,2020-02-03T08:33:01,0.0.5
0.716172,,Volkert,0,autogluon_nonn_4h,openml.org/t/168331,,0.794822,0.794822,0.794822,local,10.0,10.0,,multiclass,1764620034,stable,5.26606,722.0,2020-02-03T08:46:53,0.0.5
0.8767659999999999,0.932139,adult,0,autogluon_norepeatbag_4h,openml.org/t/7592,,,0.06786099999999995,0.932139,local,22.0,22.0,,binary,1377061454,stable,69.5949,10418.0,2020-02-03T11:21:18,0.0.5
0.658837,0.7121460000000001,Airlines,0,autogluon_norepeatbag_4h,openml.org/t/189354,,,0.28785399999999994,0.7121460000000001,local,17.0,17.0,,binary,3982353918,stable,564.005,13107.3,2020-02-03T12:37:37,0.0.5
0.695913,0.7665770000000001,Albert,0,autogluon_norepeatbag_4h,openml.org/t/189356,,,0.23342299999999994,0.7665770000000001,local,20.0,20.0,,binary,3914407718,stable,1591.87,14321.5,2020-02-03T14:09:21,0.0.5
0.948734,0.879669,Amazon_employee_access,0,autogluon_norepeatbag_4h,openml.org/t/34539,,,0.12033099999999997,0.879669,local,22.0,22.0,,binary,3915281851,stable,20.6863,2816.8,2020-02-03T09:12:07,0.0.5
0.995526,0.994715,APSFailure,0,autogluon_norepeatbag_4h,openml.org/t/168868,,,0.005284999999999984,0.994715,local,22.0,22.0,,binary,3400266866,stable,108.495,5311.3,2020-02-03T10:00:14,0.0.5
0.8695649999999999,0.949066,Australian,0,autogluon_norepeatbag_4h,openml.org/t/146818,,,0.050934000000000035,0.949066,local,11.0,11.0,,binary,1179742180,stable,0.7195239999999999,46.1,2020-02-03T08:23:46,0.0.5
0.910438,0.940685,bank-marketing,0,autogluon_norepeatbag_4h,openml.org/t/14965,,,0.05931500000000001,0.940685,local,22.0,22.0,,binary,1393564924,stable,47.2038,7169.6,2020-02-03T10:26:10,0.0.5
0.773333,0.75,blood-transfusion,0,autogluon_norepeatbag_4h,openml.org/t/10101,,,0.25,0.75,local,11.0,11.0,,binary,3920822055,stable,0.76263,46.1,2020-02-03T08:23:50,0.0.5
1.0,,car,0,autogluon_norepeatbag_4h,openml.org/t/146821,,9.23089e-05,9.23089e-05,9.23089e-05,local,20.0,20.0,,multiclass,3073436282,stable,10.0881,2478.3,2020-02-03T09:05:01,0.0.5
0.754613,0.844065,christine,0,autogluon_norepeatbag_4h,openml.org/t/168908,,,0.15593500000000005,0.844065,local,22.0,22.0,,binary,3902860223,stable,30.222,3180.5,2020-02-03T09:19:41,0.0.5
0.962963,,cnae-9,0,autogluon_norepeatbag_4h,openml.org/t/9981,,0.147754,0.147754,0.147754,local,22.0,22.0,,multiclass,2846893197,stable,36.8101,1155.3,2020-02-03T08:44:27,0.0.5
0.8716700000000001,,connect-4,0,autogluon_norepeatbag_4h,openml.org/t/146195,,0.326189,0.326189,0.326189,local,22.0,22.0,,multiclass,1335159625,stable,310.0440000000001,8429.7,2020-02-03T11:02:14,0.0.5
0.97692,,Covertype,0,autogluon_norepeatbag_4h,openml.org/t/7593,,0.05661280000000001,0.05661280000000001,0.05661280000000001,local,17.0,17.0,,multiclass,1374862096,stable,764.2739999999999,14602.3,2020-02-03T13:13:10,0.0.5
0.8,0.860476,credit-g,0,autogluon_norepeatbag_4h,openml.org/t/31,,,0.13952399999999998,0.860476,local,22.0,22.0,,binary,245976889,stable,5.56296,270.5,2020-02-03T08:28:13,0.0.5
0.994,,dilbert,0,autogluon_norepeatbag_4h,openml.org/t/168909,,0.0224251,0.0224251,0.0224251,local,21.0,21.0,,multiclass,4152740092,stable,172.86,14401.5,2020-02-03T12:36:26,0.0.5
0.8220040000000001,,Dionis,0,autogluon_norepeatbag_4h,openml.org/t/189355,,0.896826,0.896826,0.896826,local,7.0,7.0,,multiclass,3354253210,stable,353.528,14525.7,2020-02-03T12:59:26,0.0.5
0.728155,,fabert,0,autogluon_norepeatbag_4h,openml.org/t/168910,,0.650939,0.650939,0.650939,local,22.0,22.0,,multiclass,3834210419,stable,67.6655,4433.7,2020-02-03T09:41:23,0.0.5
0.911714,,Fashion-MNIST,0,autogluon_norepeatbag_4h,openml.org/t/146825,,0.238098,0.238098,0.238098,local,19.0,19.0,,multiclass,806161166,stable,2027.13,14432.4,2020-02-03T14:43:04,0.0.5
0.863,0.929618,guiellermo,0,autogluon_norepeatbag_4h,openml.org/t/168337,,,0.07038199999999994,0.929618,local,21.0,21.0,,binary,3727435794,stable,399.453,14156.4,2020-02-03T13:01:08,0.0.5
0.405368,,Helena,0,autogluon_norepeatbag_4h,openml.org/t/168329,,2.4559,2.4559,2.4559,local,11.0,11.0,,multiclass,1585075276,stable,20.2234,14468.9,2020-02-03T12:28:08,0.0.5
0.737991,0.820148,higgs,0,autogluon_norepeatbag_4h,openml.org/t/146606,,,0.179852,0.820148,local,22.0,22.0,,binary,48972269,stable,1134.81,7157.3,2020-02-03T11:22:12,0.0.5
0.732744,,Jannis,0,autogluon_norepeatbag_4h,openml.org/t/168330,,0.657968,0.657968,0.657968,local,22.0,22.0,,multiclass,3715169086,stable,499.132,7490.4,2020-02-03T10:56:52,0.0.5
0.816054,0.8774049999999999,jasmine,0,autogluon_norepeatbag_4h,openml.org/t/168911,,,0.12259500000000012,0.8774049999999999,local,22.0,22.0,,binary,911354216,stable,9.57102,327.2,2020-02-03T08:29:37,0.0.5
0.995984,,jungle_chess_2pcs_raw_endgame_complete,0,autogluon_norepeatbag_4h,openml.org/t/167119,,0.0124054,0.0124054,0.0124054,local,22.0,22.0,,multiclass,1008793006,stable,43.2394,8639.9,2020-02-03T10:50:40,0.0.5
0.8909950000000001,0.862867,kc1,0,autogluon_norepeatbag_4h,openml.org/t/3917,,,0.13713299999999995,0.862867,local,22.0,22.0,,binary,3179445826,stable,13.3546,252.5,2020-02-03T08:28:24,0.0.5
0.9822,0.8529209999999999,KDDCup09_appetency,0,autogluon_norepeatbag_4h,openml.org/t/3945,,,0.14707900000000007,0.8529209999999999,local,22.0,22.0,,binary,1191956896,stable,151.451,14277.5,2020-02-03T12:33:04,0.0.5
0.990625,0.999726,kr-vs-kp,0,autogluon_norepeatbag_4h,openml.org/t/3,,,0.00027399999999999647,0.999726,local,20.0,20.0,,binary,1014731915,stable,9.49159,703.2,2020-02-03T08:35:52,0.0.5
0.985,,mfeat-factors,0,autogluon_norepeatbag_4h,openml.org/t/12,,0.0664141,0.0664141,0.0664141,local,22.0,22.0,,multiclass,3200566941,stable,2.3702400000000003,4815.6,2020-02-03T09:44:19,0.0.5
0.948182,0.987315,MiniBooNE,0,autogluon_norepeatbag_4h,openml.org/t/168335,,,0.012684999999999946,0.987315,local,22.0,22.0,,binary,2284019347,stable,215.336,9159.5,2020-02-03T11:07:59,0.0.5
0.979983,0.99762,nomao,0,autogluon_norepeatbag_4h,openml.org/t/9977,,,0.0023800000000000487,0.99762,local,22.0,22.0,,binary,2766377209,stable,49.8604,1979.8,2020-02-03T09:01:06,0.0.5
0.512251,0.516455,numerai28.6,0,autogluon_norepeatbag_4h,openml.org/t/167120,,,0.483545,0.516455,local,22.0,22.0,,binary,2343247352,stable,741.576,5670.7,2020-02-03T10:41:25,0.0.5
0.914972,0.975024,phoneme,0,autogluon_norepeatbag_4h,openml.org/t/9952,,,0.024975999999999998,0.975024,local,22.0,22.0,,binary,1303755961,stable,12.3642,791.9,2020-02-03T08:37:34,0.0.5
0.998,0.999808,riccardo,0,autogluon_norepeatbag_4h,openml.org/t/168338,,,0.00019199999999996997,0.999808,local,21.0,21.0,,binary,690839546,stable,1188.26,13814.5,2020-02-03T13:51:00,0.0.5
0.568,,Robert,0,autogluon_norepeatbag_4h,openml.org/t/168332,,1.27579,1.27579,1.27579,local,16.0,16.0,,multiclass,2883028675,stable,943.279,14580.5,2020-02-03T13:38:08,0.0.5
0.991342,,segment,0,autogluon_norepeatbag_4h,openml.org/t/146822,,0.048051300000000005,0.048051300000000005,0.048051300000000005,local,22.0,22.0,,multiclass,2268483963,stable,14.5504,1221.7,2020-02-03T08:44:54,0.0.5
0.999828,,Shuttle,0,autogluon_norepeatbag_4h,openml.org/t/146212,,0.00049521,0.00049521,0.00049521,local,22.0,22.0,,multiclass,3635581812,stable,36.6907,7857.1,2020-02-03T10:38:15,0.0.5
0.951267,0.986701,sylvine,0,autogluon_norepeatbag_4h,openml.org/t/168912,,,0.01329899999999995,0.986701,local,22.0,22.0,,binary,4266672084,stable,11.0946,441.2,2020-02-03T08:31:45,0.0.5
0.8705879999999999,,vehicle,0,autogluon_norepeatbag_4h,openml.org/t/53,,0.300856,0.300856,0.300856,local,22.0,22.0,,multiclass,567181152,stable,6.6985600000000005,198.2,2020-02-03T08:27:34,0.0.5
0.743269,,Volkert,0,autogluon_norepeatbag_4h,openml.org/t/168331,,0.704311,0.704311,0.704311,local,22.0,22.0,,multiclass,3678319881,stable,358.93300000000005,13698.6,2020-02-03T12:35:30,0.0.5
0.877994,0.932185,adult,0,autogluon_nostack_4h,openml.org/t/7592,,,0.06781499999999996,0.932185,local,11.0,11.0,,binary,3615577052,stable,2.12672,12156.4,2020-02-03T11:45:25,0.0.5
0.674503,0.730525,Airlines,0,autogluon_nostack_4h,openml.org/t/189354,,,0.269475,0.730525,local,9.0,9.0,,binary,971003287,stable,100.038,14518.8,2020-02-03T12:36:30,0.0.5
0.693938,0.7660899999999999,Albert,0,autogluon_nostack_4h,openml.org/t/189356,,,0.23391000000000006,0.7660899999999999,local,11.0,11.0,,binary,3868414184,stable,211.925,14336.1,2020-02-03T12:51:06,0.0.5
0.947208,0.884074,Amazon_employee_access,0,autogluon_nostack_4h,openml.org/t/34539,,,0.11592599999999997,0.884074,local,11.0,11.0,,binary,1967854213,stable,17.3663,13160.0,2020-02-03T12:01:58,0.0.5
0.995658,0.993447,APSFailure,0,autogluon_nostack_4h,openml.org/t/168868,,,0.006553000000000031,0.993447,local,11.0,11.0,,binary,699783241,stable,39.7169,13435.7,2020-02-03T12:14:33,0.0.5
0.8695649999999999,0.950764,Australian,0,autogluon_nostack_4h,openml.org/t/146818,,,0.049235999999999946,0.950764,local,11.0,11.0,,binary,804815251,stable,23.4749,1408.0,2020-02-03T08:44:43,0.0.5
0.910438,0.940605,bank-marketing,0,autogluon_nostack_4h,openml.org/t/14965,,,0.059394999999999976,0.940605,local,11.0,11.0,,binary,2839948943,stable,46.5327,11897.8,2020-02-03T11:40:55,0.0.5
0.76,0.7597470000000001,blood-transfusion,0,autogluon_nostack_4h,openml.org/t/10101,,,0.24025299999999994,0.7597470000000001,local,11.0,11.0,,binary,2510639048,stable,0.74195,1472.1,2020-02-03T08:44:57,0.0.5
1.0,,car,0,autogluon_nostack_4h,openml.org/t/146821,,0.00112791,0.00112791,0.00112791,local,9.0,9.0,,multiclass,2029773638,stable,9.96029,13486.0,2020-02-03T12:05:06,0.0.5
0.752768,0.8424719999999999,christine,0,autogluon_nostack_4h,openml.org/t/168908,,,0.1575280000000001,0.8424719999999999,local,11.0,11.0,,binary,1613017776,stable,203.804,13197.3,2020-02-03T12:13:02,0.0.5
0.962963,,cnae-9,0,autogluon_nostack_4h,openml.org/t/9981,,0.169754,0.169754,0.169754,local,11.0,11.0,,multiclass,1539976022,stable,269.478,12039.5,2020-02-03T11:56:51,0.0.5
0.8672290000000001,,connect-4,0,autogluon_nostack_4h,openml.org/t/146195,,0.34192,0.34192,0.34192,local,11.0,11.0,,multiclass,2084538280,stable,18.7625,6229.8,2020-02-03T10:08:37,0.0.5
0.972015,,Covertype,0,autogluon_nostack_4h,openml.org/t/7593,,0.07303810000000001,0.07303810000000001,0.07303810000000001,local,8.0,8.0,,multiclass,3743701281,stable,378.905,14557.8,2020-02-03T12:47:36,0.0.5
0.79,0.8509519999999999,credit-g,0,autogluon_nostack_4h,openml.org/t/31,,,0.14904800000000007,0.8509519999999999,local,11.0,11.0,,binary,92020527,stable,30.3684,3019.5,2020-02-03T09:12:01,0.0.5
0.987,,dilbert,0,autogluon_nostack_4h,openml.org/t/168909,,0.033692800000000016,0.033692800000000016,0.033692800000000016,local,10.0,10.0,,multiclass,455122516,stable,18.5871,14396.6,2020-02-03T12:23:17,0.0.5
0.825801,,Dionis,0,autogluon_nostack_4h,openml.org/t/189355,,0.8171510000000001,0.8171510000000001,0.8171510000000001,local,5.0,5.0,,multiclass,933775373,stable,280.346,15554.0,2020-02-03T13:07:31,0.0.5
0.73301,,fabert,0,autogluon_nostack_4h,openml.org/t/168910,,0.70203,0.70203,0.70203,local,11.0,11.0,,multiclass,3046536082,stable,95.6272,12912.2,2020-02-03T12:01:06,0.0.5
0.904714,,Fashion-MNIST,0,autogluon_nostack_4h,openml.org/t/146825,,0.255458,0.255458,0.255458,local,10.0,10.0,,multiclass,1995131492,stable,954.992,14433.1,2020-02-03T13:31:30,0.0.5
0.8525,0.920825,guiellermo,0,autogluon_nostack_4h,openml.org/t/168337,,,0.079175,0.920825,local,11.0,11.0,,binary,2770184460,stable,28.2232,12192.0,2020-02-03T12:06:22,0.0.5
0.405521,,Helena,0,autogluon_nostack_4h,openml.org/t/168329,,2.45057,2.45057,2.45057,local,7.0,7.0,,multiclass,2447475258,stable,85.4445,10868.3,2020-02-03T11:25:52,0.0.5
0.739113,0.818678,higgs,0,autogluon_nostack_4h,openml.org/t/146606,,,0.18132199999999998,0.818678,local,11.0,11.0,,binary,1379687696,stable,665.8839999999999,11273.2,2020-02-03T12:19:41,0.0.5
0.72343,,Jannis,0,autogluon_nostack_4h,openml.org/t/168330,,0.67093,0.67093,0.67093,local,11.0,11.0,,multiclass,975998722,stable,31.5685,12171.1,2020-02-03T11:57:50,0.0.5
0.816054,0.869664,jasmine,0,autogluon_nostack_4h,openml.org/t/168911,,,0.130336,0.869664,local,11.0,11.0,,binary,3063826570,stable,47.361,3285.1,2020-02-03T09:18:01,0.0.5
0.958724,,jungle_chess_2pcs_raw_endgame_complete,0,autogluon_nostack_4h,openml.org/t/167119,,0.08048630000000001,0.08048630000000001,0.08048630000000001,local,11.0,11.0,,multiclass,1678807656,stable,2.15612,13455.3,2020-02-03T12:04:58,0.0.5
0.876777,0.845758,kc1,0,autogluon_nostack_4h,openml.org/t/3917,,,0.154242,0.845758,local,11.0,11.0,,binary,899804569,stable,76.1017,2455.1,2020-02-03T09:04:17,0.0.5
0.9822,0.8595719999999999,KDDCup09_appetency,0,autogluon_nostack_4h,openml.org/t/3945,,,0.1404280000000001,0.8595719999999999,local,11.0,11.0,,binary,2725891747,stable,98.1889,13233.6,2020-02-03T12:06:43,0.0.5
0.99375,0.999961,kr-vs-kp,0,autogluon_nostack_4h,openml.org/t/3,,,3.900000000001125e-05,0.999961,local,9.0,9.0,,binary,157244149,stable,43.3711,6862.8,2020-02-03T10:16:26,0.0.5
0.949412,0.987609,MiniBooNE,0,autogluon_nostack_4h,openml.org/t/168335,,,0.012391000000000041,0.987609,local,11.0,11.0,,binary,2168714218,stable,20.532,10464.0,2020-02-03T11:21:03,0.0.5
0.978532,0.997334,nomao,0,autogluon_nostack_4h,openml.org/t/9977,,,0.002665999999999946,0.997334,local,11.0,11.0,,binary,2944843444,stable,46.5561,13309.1,2020-02-03T12:14:12,0.0.5
0.5165069999999999,0.52645,numerai28.6,0,autogluon_nostack_4h,openml.org/t/167120,,,0.47355,0.52645,local,11.0,11.0,,binary,2782316138,stable,18.8938,11121.2,2020-02-03T11:51:47,0.0.5
0.913124,0.97183,phoneme,0,autogluon_nostack_4h,openml.org/t/9952,,,0.02817000000000003,0.97183,local,11.0,11.0,,binary,4068028547,stable,86.751,11730.8,2020-02-03T11:40:26,0.0.5
0.9975,0.999785,riccardo,0,autogluon_nostack_4h,openml.org/t/168338,,,0.00021499999999996522,0.999785,local,11.0,11.0,,binary,3051087791,stable,27.5774,13890.2,2020-02-03T12:48:21,0.0.5
0.5379999999999999,,Robert,0,autogluon_nostack_4h,openml.org/t/168332,,1.30063,1.30063,1.30063,local,8.0,8.0,,multiclass,1293202160,stable,282.659,14228.6,2020-02-03T12:53:40,0.0.5
0.991342,,segment,0,autogluon_nostack_4h,openml.org/t/146822,,0.0654869,0.0654869,0.0654869,local,11.0,11.0,,multiclass,2307358805,stable,11.3808,11598.8,2020-02-03T11:36:23,0.0.5
0.999655,,Shuttle,0,autogluon_nostack_4h,openml.org/t/146212,,0.0008805589999999998,0.0008805589999999998,0.0008805589999999998,local,11.0,11.0,,multiclass,1295314833,stable,18.4222,9153.4,2020-02-03T10:54:34,0.0.5
0.94347,0.983524,sylvine,0,autogluon_nostack_4h,openml.org/t/168912,,,0.016476000000000046,0.983524,local,11.0,11.0,,binary,795116201,stable,77.1887,4375.3,2020-02-03T09:37:31,0.0.5
0.858824,,vehicle,0,autogluon_nostack_4h,openml.org/t/53,,0.370184,0.370184,0.370184,local,11.0,11.0,,multiclass,1106838817,stable,23.4938,2609.3,2020-02-03T09:06:23,0.0.5
0.716344,,Volkert,0,autogluon_nostack_4h,openml.org/t/168331,,0.783047,0.783047,0.783047,local,11.0,11.0,,multiclass,961633629,stable,49.4583,9609.5,2020-02-03T11:07:23,0.0.5
